period,timestep,profile_name,value
1,1,DHW_or_space,0.4162042966939261
1,1,RoR,0.1022362771482342
1,1,cool,0.0
1,1,elec,0.7183538148032815
1,1,solar,0.0
1,1,transport_truck_bus_van_car_rail_aviation_maritime,0.5348865033709619
1,1,wind,0.2739252204383425
1,2,DHW_or_space,0.410994677867843
1,2,RoR,0.1022362771482342
1,2,cool,0.0
1,2,elec,0.7176774336834093
1,2,solar,0.0
1,2,transport_truck_bus_van_car_rail_aviation_maritime,0.5264013507482158
1,2,wind,0.3011745980734542
1,3,DHW_or_space,0.4248865234317282
1,3,RoR,0.1022362771482342
1,3,cool,0.0
1,3,elec,0.7134012125514881
1,3,solar,0.0
1,3,transport_truck_bus_van_car_rail_aviation_maritime,0.5244147491427243
1,3,wind,0.3135994841987066
1,4,DHW_or_space,0.4867826826488491
1,4,RoR,0.1022362771482342
1,4,cool,0.0
1,4,elec,0.7192521221166621
1,4,solar,0.0
1,4,transport_truck_bus_van_car_rail_aviation_maritime,0.5243540268397658
1,4,wind,0.3288733766507876
1,5,DHW_or_space,0.6645652422683624
1,5,RoR,0.1022362771482342
1,5,cool,0.0
1,5,elec,0.743425892503325
1,5,solar,0.0
1,5,transport_truck_bus_van_car_rail_aviation_maritime,0.5243540268397658
1,5,wind,0.329927962483857
1,6,DHW_or_space,0.8950704601549495
1,6,RoR,0.1022362771482342
1,6,cool,0.0
1,6,elec,0.792125972456156
1,6,solar,0.0
1,6,transport_truck_bus_van_car_rail_aviation_maritime,0.5611895521184416
1,6,wind,0.3237899769184872
1,7,DHW_or_space,0.9532177527057352
1,7,RoR,0.1022362771482342
1,7,cool,0.0
1,7,elec,0.6930858356385778
1,7,solar,0.0
1,7,transport_truck_bus_van_car_rail_aviation_maritime,0.5786952603334974
1,7,wind,0.3132314671452098
1,8,DHW_or_space,0.871746334877786
1,8,RoR,0.1022362771482342
1,8,cool,0.0
1,8,elec,0.4184663052636037
1,8,solar,0.0
1,8,transport_truck_bus_van_car_rail_aviation_maritime,0.5546361553605481
1,8,wind,0.2997111897518471
1,9,DHW_or_space,0.816969172201174
1,9,RoR,0.1022362771482342
1,9,cool,0.0
1,9,elec,0.2376773552251671
1,9,solar,0.0011198868324885
1,9,transport_truck_bus_van_car_rail_aviation_maritime,0.5202546413454536
1,9,wind,0.2870598080651181
1,10,DHW_or_space,0.7696039768784257
1,10,RoR,0.1022362771482342
1,10,cool,0.0
1,10,elec,0.3115228375571761
1,10,solar,0.0794644333634838
1,10,transport_truck_bus_van_car_rail_aviation_maritime,0.5339564488106523
1,10,wind,0.2769887545961994
1,11,DHW_or_space,0.7366827201825551
1,11,RoR,0.1022362771482342
1,11,cool,0.0
1,11,elec,0.4731112998104617
1,11,solar,0.1548259964580186
1,11,transport_truck_bus_van_car_rail_aviation_maritime,0.572257057311355
1,11,wind,0.2779946141752902
1,12,DHW_or_space,0.6904613971680051
1,12,RoR,0.1022362771482342
1,12,cool,0.0
1,12,elec,0.415625237944579
1,12,solar,0.2363603270862425
1,12,transport_truck_bus_van_car_rail_aviation_maritime,0.5402777042487662
1,12,wind,0.2539715661561385
1,13,DHW_or_space,0.5974816023814533
1,13,RoR,0.1022362771482342
1,13,cool,0.0
1,13,elec,0.3253287635642598
1,13,solar,0.2791652035534246
1,13,transport_truck_bus_van_car_rail_aviation_maritime,0.5145817216686026
1,13,wind,0.2215867505445822
1,14,DHW_or_space,0.5351661121483864
1,14,RoR,0.1022362771482342
1,14,cool,0.0
1,14,elec,0.3304506600924833
1,14,solar,0.2527165632207908
1,14,transport_truck_bus_van_car_rail_aviation_maritime,0.5104386317944489
1,14,wind,0.2008211188990629
1,15,DHW_or_space,0.5347943209785659
1,15,RoR,0.1022362771482342
1,15,cool,0.0
1,15,elec,0.4203719393809793
1,15,solar,0.1767476817588338
1,15,transport_truck_bus_van_car_rail_aviation_maritime,0.5439976499527052
1,15,wind,0.1892545876876731
1,16,DHW_or_space,0.5762633199866807
1,16,RoR,0.1022362771482342
1,16,cool,0.0
1,16,elec,0.4764603587909057
1,16,solar,0.0515952986682764
1,16,transport_truck_bus_van_car_rail_aviation_maritime,0.5596455514516389
1,16,wind,0.1954537073598566
1,17,DHW_or_space,0.6661520991580431
1,17,RoR,0.1022362771482342
1,17,cool,0.0
1,17,elec,0.3740980574964641
1,17,solar,0.0
1,17,transport_truck_bus_van_car_rail_aviation_maritime,0.5442582992006891
1,17,wind,0.1950559252998818
1,18,DHW_or_space,0.7246907892996761
1,18,RoR,0.1022362771482342
1,18,cool,0.0
1,18,elec,0.2732785082173118
1,18,solar,0.0
1,18,transport_truck_bus_van_car_rail_aviation_maritime,0.5392817207558549
1,18,wind,0.2037900544243164
1,19,DHW_or_space,0.6635795534407445
1,19,RoR,0.1022362771482342
1,19,cool,0.0
1,19,elec,0.3101698039635586
1,19,solar,0.0
1,19,transport_truck_bus_van_car_rail_aviation_maritime,0.5480432958973993
1,19,wind,0.2044017498048168
1,20,DHW_or_space,0.6106282455143389
1,20,RoR,0.1022362771482342
1,20,cool,0.0
1,20,elec,0.4674609777878352
1,20,solar,0.0
1,20,transport_truck_bus_van_car_rail_aviation_maritime,0.5696796830986963
1,20,wind,0.1876064871271813
1,21,DHW_or_space,0.5559283836308557
1,21,RoR,0.1022362771482342
1,21,cool,0.0
1,21,elec,0.5504595251472033
1,21,solar,0.0
1,21,transport_truck_bus_van_car_rail_aviation_maritime,0.548880360743638
1,21,wind,0.1533859445670005
1,22,DHW_or_space,0.4639136715144499
1,22,RoR,0.1022362771482342
1,22,cool,0.0
1,22,elec,0.5577536515349328
1,22,solar,0.0
1,22,transport_truck_bus_van_car_rail_aviation_maritime,0.5224884085826531
1,22,wind,0.1179104580691387
1,23,DHW_or_space,0.3859790615170342
1,23,RoR,0.1022362771482342
1,23,cool,0.0
1,23,elec,0.609326440883066
1,23,solar,0.0
1,23,transport_truck_bus_van_car_rail_aviation_maritime,0.5267064080946503
1,23,wind,0.0623434316508617
1,24,DHW_or_space,0.3602833989830271
1,24,RoR,0.1022362771482342
1,24,cool,0.0
1,24,elec,0.6811140312325679
1,24,solar,0.0
1,24,transport_truck_bus_van_car_rail_aviation_maritime,0.5455401729291154
1,24,wind,0.0409837690337362
2,1,DHW_or_space,0.4159926081946744
2,1,RoR,0.0708056826621307
2,1,cool,0.0
2,1,elec,0.7157934790177238
2,1,solar,0.0
2,1,transport_truck_bus_van_car_rail_aviation_maritime,0.5348865033709619
2,1,wind,0.0629937775275446
2,2,DHW_or_space,0.4168181323630917
2,2,RoR,0.0708056826621307
2,2,cool,0.0
2,2,elec,0.7119709132420513
2,2,solar,0.0
2,2,transport_truck_bus_van_car_rail_aviation_maritime,0.5264013507482158
2,2,wind,0.0847899861915061
2,3,DHW_or_space,0.4378746660974853
2,3,RoR,0.0708056826621307
2,3,cool,0.0
2,3,elec,0.7030836127013614
2,3,solar,0.0
2,3,transport_truck_bus_van_car_rail_aviation_maritime,0.5244147491427243
2,3,wind,0.1042630309789415
2,4,DHW_or_space,0.504128162131905
2,4,RoR,0.0708056826621307
2,4,cool,0.0
2,4,elec,0.6988976439629596
2,4,solar,0.0
2,4,transport_truck_bus_van_car_rail_aviation_maritime,0.5243540268397658
2,4,wind,0.1139397901501993
2,5,DHW_or_space,0.6875796422594892
2,5,RoR,0.0708056826621307
2,5,cool,0.0
2,5,elec,0.7006285868592659
2,5,solar,0.0
2,5,transport_truck_bus_van_car_rail_aviation_maritime,0.5243540268397658
2,5,wind,0.0974940469295027
2,6,DHW_or_space,0.9271459795403288
2,6,RoR,0.0708056826621307
2,6,cool,0.0
2,6,elec,0.7200068477750607
2,6,solar,0.0
2,6,transport_truck_bus_van_car_rail_aviation_maritime,0.5758048654418202
2,6,wind,0.087074394385367
2,7,DHW_or_space,0.995681398295268
2,7,RoR,0.0708056826621307
2,7,cool,0.0
2,7,elec,0.5563269286590238
2,7,solar,0.0
2,7,transport_truck_bus_van_car_rail_aviation_maritime,0.5295173039479772
2,7,wind,0.0900769688245258
2,8,DHW_or_space,0.9244901647515738
2,8,RoR,0.0708056826621307
2,8,cool,0.0
2,8,elec,0.3993364355460426
2,8,solar,0.0
2,8,transport_truck_bus_van_car_rail_aviation_maritime,0.5548263095323313
2,8,wind,0.1002558245976651
2,9,DHW_or_space,0.8773526234133555
2,9,RoR,0.0708056826621307
2,9,cool,0.0
2,9,elec,0.3251629031262193
2,9,solar,0.0025934221383944
2,9,transport_truck_bus_van_car_rail_aviation_maritime,0.5102567499489974
2,9,wind,0.1076723767702296
2,10,DHW_or_space,0.7945576532522652
2,10,RoR,0.0708056826621307
2,10,cool,0.0
2,10,elec,0.3587531152337289
2,10,solar,0.3488539104240278
2,10,transport_truck_bus_van_car_rail_aviation_maritime,0.5619802399133359
2,10,wind,0.1043079635993873
2,11,DHW_or_space,0.7377848184855771
2,11,RoR,0.0708056826621307
2,11,cool,0.0
2,11,elec,0.3839884781869824
2,11,solar,0.5911129609871013
2,11,transport_truck_bus_van_car_rail_aviation_maritime,0.5488288843132975
2,11,wind,0.0826068435155924
2,12,DHW_or_space,0.6877418309907233
2,12,RoR,0.0708056826621307
2,12,cool,0.0
2,12,elec,0.276190596496366
2,12,solar,0.7276617828520257
2,12,transport_truck_bus_van_car_rail_aviation_maritime,0.5396293220105481
2,12,wind,0.1028122408831346
2,13,DHW_or_space,0.6076408989581786
2,13,RoR,0.0708056826621307
2,13,cool,0.0
2,13,elec,0.2852575105300349
2,13,solar,0.7630654752934474
2,13,transport_truck_bus_van_car_rail_aviation_maritime,0.520692369321827
2,13,wind,0.1376710287224146
2,14,DHW_or_space,0.5405657783266794
2,14,RoR,0.0708056826621307
2,14,cool,0.0
2,14,elec,0.3212223379770151
2,14,solar,0.6944041772423731
2,14,transport_truck_bus_van_car_rail_aviation_maritime,0.5629578632976698
2,14,wind,0.1723188733752667
2,15,DHW_or_space,0.5399276881708337
2,15,RoR,0.0708056826621307
2,15,cool,0.0
2,15,elec,0.3697674182124416
2,15,solar,0.5196828163747604
2,15,transport_truck_bus_van_car_rail_aviation_maritime,0.5605987143965092
2,15,wind,0.2106830242719192
2,16,DHW_or_space,0.5823015407222436
2,16,RoR,0.0708056826621307
2,16,cool,0.0
2,16,elec,0.2737348111146365
2,16,solar,0.2258308692750684
2,16,transport_truck_bus_van_car_rail_aviation_maritime,0.5411536186259401
2,16,wind,0.277710987129465
2,17,DHW_or_space,0.695653891654151
2,17,RoR,0.0708056826621307
2,17,cool,0.0
2,17,elec,0.3324388448348814
2,17,solar,0.0
2,17,transport_truck_bus_van_car_rail_aviation_maritime,0.527664898790093
2,17,wind,0.3786952391906011
2,18,DHW_or_space,0.7773923273483845
2,18,RoR,0.0708056826621307
2,18,cool,0.0
2,18,elec,0.3718336807848592
2,18,solar,0.0
2,18,transport_truck_bus_van_car_rail_aviation_maritime,0.5322304775715059
2,18,wind,0.4144672145498371
2,19,DHW_or_space,0.7212100202820193
2,19,RoR,0.0708056826621307
2,19,cool,0.0
2,19,elec,0.542622845577394
2,19,solar,0.0
2,19,transport_truck_bus_van_car_rail_aviation_maritime,0.5635490142886558
2,19,wind,0.4213016702644596
2,20,DHW_or_space,0.6707806076660305
2,20,RoR,0.0708056826621307
2,20,cool,0.0
2,20,elec,0.5847627403372151
2,20,solar,0.0
2,20,transport_truck_bus_van_car_rail_aviation_maritime,0.5370637433214159
2,20,wind,0.4418312634432823
2,21,DHW_or_space,0.6155929353699828
2,21,RoR,0.0708056826621307
2,21,cool,0.0
2,21,elec,0.6492446734812017
2,21,solar,0.0
2,21,transport_truck_bus_van_car_rail_aviation_maritime,0.5470374749782471
2,21,wind,0.4545404243416467
2,22,DHW_or_space,0.522106659958991
2,22,RoR,0.0708056826621307
2,22,cool,0.0
2,22,elec,0.712581131587433
2,22,solar,0.0
2,22,transport_truck_bus_van_car_rail_aviation_maritime,0.5462237562235802
2,22,wind,0.4552836941714094
2,23,DHW_or_space,0.4386899886668359
2,23,RoR,0.0708056826621307
2,23,cool,0.0
2,23,elec,0.7256745845460482
2,23,solar,0.0
2,23,transport_truck_bus_van_car_rail_aviation_maritime,0.5367928352988902
2,23,wind,0.5493512748255669
2,24,DHW_or_space,0.4059468940128176
2,24,RoR,0.0708056826621307
2,24,cool,0.0
2,24,elec,0.7093035187716045
2,24,solar,0.0
2,24,transport_truck_bus_van_car_rail_aviation_maritime,0.5341098150599526
2,24,wind,0.6088730832358628
3,1,DHW_or_space,0.0106882825651671
3,1,RoR,0.5669805067759118
3,1,cool,0.0
3,1,elec,0.6723626170705267
3,1,solar,0.0
3,1,transport_truck_bus_van_car_rail_aviation_maritime,0.4632250826404112
3,1,wind,0.1634794830305831
3,2,DHW_or_space,0.0059859861911849
3,2,RoR,0.5669805067759118
3,2,cool,0.0
3,2,elec,0.6687545363579744
3,2,solar,0.0
3,2,transport_truck_bus_van_car_rail_aviation_maritime,0.459557474317763
3,2,wind,0.1536178572323249
3,3,DHW_or_space,0.0222234804238878
3,3,RoR,0.5669805067759118
3,3,cool,0.0
3,3,elec,0.67075420918003
3,3,solar,0.0
3,3,transport_truck_bus_van_car_rail_aviation_maritime,0.4598310735949449
3,3,wind,0.1477893206101978
3,4,DHW_or_space,0.0938741973909805
3,4,RoR,0.5669805067759118
3,4,cool,0.0
3,4,elec,0.6762618315945718
3,4,solar,0.0
3,4,transport_truck_bus_van_car_rail_aviation_maritime,0.4594968062436789
3,4,wind,0.1615870204309517
3,5,DHW_or_space,0.278914842941717
3,5,RoR,0.5669805067759118
3,5,cool,0.0
3,5,elec,0.6802530129036122
3,5,solar,0.0
3,5,transport_truck_bus_van_car_rail_aviation_maritime,0.4576786754348673
3,5,wind,0.1856219337621343
3,6,DHW_or_space,0.5217243866222586
3,6,RoR,0.5669805067759118
3,6,cool,0.0
3,6,elec,0.6827381496315007
3,6,solar,0.0
3,6,transport_truck_bus_van_car_rail_aviation_maritime,0.5079304457185444
3,6,wind,0.204469193716547
3,7,DHW_or_space,0.5588325924920022
3,7,RoR,0.5669805067759118
3,7,cool,0.0
3,7,elec,0.5032119942136667
3,7,solar,0.058069427273535
3,7,transport_truck_bus_van_car_rail_aviation_maritime,0.4610593657974524
3,7,wind,0.2074301475254257
3,8,DHW_or_space,0.4491046729075481
3,8,RoR,0.5669805067759118
3,8,cool,0.0028812443373982
3,8,elec,0.3356915209904675
3,8,solar,0.2244563259081622
3,8,transport_truck_bus_van_car_rail_aviation_maritime,0.4857920261087068
3,8,wind,0.186218357726217
3,9,DHW_or_space,0.3887598307885298
3,9,RoR,0.5669805067759118
3,9,cool,0.0813540478976782
3,9,elec,0.2492391514307075
3,9,solar,0.4280193224261865
3,9,transport_truck_bus_van_car_rail_aviation_maritime,0.4407326688147776
3,9,wind,0.1585721986867467
3,10,DHW_or_space,0.3678131213911219
3,10,RoR,0.5669805067759118
3,10,cool,0.1543206035347304
3,10,elec,0.2821960312188779
3,10,solar,0.612005829008761
3,10,transport_truck_bus_van_car_rail_aviation_maritime,0.4923231917547286
3,10,wind,0.1634288302031358
3,11,DHW_or_space,0.3704806121577703
3,11,RoR,0.5669805067759118
3,11,cool,0.2139436581614666
3,11,elec,0.3014811387776306
3,11,solar,0.7774413166341824
3,11,transport_truck_bus_van_car_rail_aviation_maritime,0.4791687175624827
3,11,wind,0.1547573244046618
3,12,DHW_or_space,0.3576577574756265
3,12,RoR,0.5669805067759118
3,12,cool,0.2481224753641566
3,12,elec,0.1922736843397088
3,12,solar,0.8676314980051258
3,12,transport_truck_bus_van_car_rail_aviation_maritime,0.4699691552597333
3,12,wind,0.174193778136519
3,13,DHW_or_space,0.2983106945947075
3,13,RoR,0.5669805067759118
3,13,cool,0.2641466649320327
3,13,elec,0.1969211205810824
3,13,solar,0.8786133518187647
3,13,transport_truck_bus_van_car_rail_aviation_maritime,0.4510322025710122
3,13,wind,0.1748206854200324
3,14,DHW_or_space,0.2458510969864715
3,14,RoR,0.5669805067759118
3,14,cool,0.2986909312187867
3,14,elec,0.2318283951180445
3,14,solar,0.8418176643201395
3,14,transport_truck_bus_van_car_rail_aviation_maritime,0.493297696546855
3,14,wind,0.1766967001754814
3,15,DHW_or_space,0.2449619333975887
3,15,RoR,0.5669805067759118
3,15,cool,0.3195971659803969
3,15,elec,0.279855046084402
3,15,solar,0.7258869526841947
3,15,transport_truck_bus_van_car_rail_aviation_maritime,0.4909385476456944
3,15,wind,0.1835486099260331
3,16,DHW_or_space,0.2590398298203085
3,16,RoR,0.5669805067759118
3,16,cool,0.2955154689631717
3,16,elec,0.1865290988964485
3,16,solar,0.5526359519050418
3,16,transport_truck_bus_van_car_rail_aviation_maritime,0.4714934518751253
3,16,wind,0.2078972031883129
3,17,DHW_or_space,0.3208361721797385
3,17,RoR,0.5669805067759118
3,17,cool,0.2371713970269523
3,17,elec,0.2283297583557331
3,17,solar,0.3267656228847986
3,17,transport_truck_bus_van_car_rail_aviation_maritime,0.4580047320392782
3,17,wind,0.2259326712397874
3,18,DHW_or_space,0.3633673034467079
3,18,RoR,0.5669805067759118
3,18,cool,0.1294941672859394
3,18,elec,0.2649985025107813
3,18,solar,0.1117358914771292
3,18,transport_truck_bus_van_car_rail_aviation_maritime,0.462570310820691
3,18,wind,0.2358867919409992
3,19,DHW_or_space,0.3069446216775245
3,19,RoR,0.5669805067759118
3,19,cool,0.0224147871823308
3,19,elec,0.4609254262450844
3,19,solar,0.0092538790633001
3,19,transport_truck_bus_van_car_rail_aviation_maritime,0.4938888475378409
3,19,wind,0.2452438672474621
3,20,DHW_or_space,0.2805912604973311
3,20,RoR,0.5669805067759118
3,20,cool,0.0
3,20,elec,0.5312704505249813
3,20,solar,0.0
3,20,transport_truck_bus_van_car_rail_aviation_maritime,0.4674035765706011
3,20,wind,0.2510609330068677
3,21,DHW_or_space,0.2356584965305716
3,21,RoR,0.5669805067759118
3,21,cool,0.0
3,21,elec,0.6170294057910267
3,21,solar,0.0
3,21,transport_truck_bus_van_car_rail_aviation_maritime,0.4773773082274322
3,21,wind,0.2362820315329697
3,22,DHW_or_space,0.1524372400194984
3,22,RoR,0.5669805067759118
3,22,cool,0.0
3,22,elec,0.6749514210776
3,22,solar,0.0
3,22,transport_truck_bus_van_car_rail_aviation_maritime,0.4765635894727654
3,22,wind,0.2082432860921464
3,23,DHW_or_space,0.0800609030317866
3,23,RoR,0.5669805067759118
3,23,cool,0.0
3,23,elec,0.6737388088536851
3,23,solar,0.0
3,23,transport_truck_bus_van_car_rail_aviation_maritime,0.4671326685480754
3,23,wind,0.1662435028316616
3,24,DHW_or_space,0.0579235132776175
3,24,RoR,0.5669805067759118
3,24,cool,0.0
3,24,elec,0.6629075362288152
3,24,solar,0.0
3,24,transport_truck_bus_van_car_rail_aviation_maritime,0.4644496483091377
3,24,wind,0.1408976905062141
4,1,DHW_or_space,0.008891635888828
4,1,RoR,0.515033180805443
4,1,cool,0.1464027011281759
4,1,elec,0.6913073832442205
4,1,solar,0.0
4,1,transport_truck_bus_van_car_rail_aviation_maritime,0.5364771918792128
4,1,wind,0.2590013193983388
4,2,DHW_or_space,0.0
4,2,RoR,0.515033180805443
4,2,cool,0.1301916890241093
4,2,elec,0.6964744961051907
4,2,solar,0.0
4,2,transport_truck_bus_van_car_rail_aviation_maritime,0.5279920392564666
4,2,wind,0.2601226917276229
4,3,DHW_or_space,0.005849580684395
4,3,RoR,0.515033180805443
4,3,cool,0.1128675338795028
4,3,elec,0.6947226514574009
4,3,solar,0.0
4,3,transport_truck_bus_van_car_rail_aviation_maritime,0.5260054376509753
4,3,wind,0.2441037689562303
4,4,DHW_or_space,0.0543866457854067
4,4,RoR,0.515033180805443
4,4,cool,0.0997146491929881
4,4,elec,0.6949254975911301
4,4,solar,0.0
4,4,transport_truck_bus_van_car_rail_aviation_maritime,0.5259447153480168
4,4,wind,0.2321649357262151
4,5,DHW_or_space,0.2166574195527441
4,5,RoR,0.515033180805443
4,5,cool,0.0914846129549386
4,5,elec,0.7050530155463902
4,5,solar,0.0042254786546103
4,5,transport_truck_bus_van_car_rail_aviation_maritime,0.5259447153480168
4,5,wind,0.2298629849183344
4,6,DHW_or_space,0.4389451543658968
4,6,RoR,0.515033180805443
4,6,cool,0.1872986583169142
4,6,elec,0.7193651912813245
4,6,solar,0.0548474474390523
4,6,transport_truck_bus_van_car_rail_aviation_maritime,0.5773955539500711
4,6,wind,0.214581426309326
4,7,DHW_or_space,0.4998523331364441
4,7,RoR,0.515033180805443
4,7,cool,0.2961901946624046
4,7,elec,0.5385226501786926
4,7,solar,0.1240102342316118
4,7,transport_truck_bus_van_car_rail_aviation_maritime,0.5311079924562282
4,7,wind,0.2052342523725434
4,8,DHW_or_space,0.4287203001616693
4,8,RoR,0.515033180805443
4,8,cool,0.3855045987944641
4,8,elec,0.3716506910984349
4,8,solar,0.2198407563451041
4,8,transport_truck_bus_van_car_rail_aviation_maritime,0.5564169980405822
4,8,wind,0.1902146773065561
4,9,DHW_or_space,0.3858927810317389
4,9,RoR,0.515033180805443
4,9,cool,0.4718883698474675
4,9,elec,0.2895239375228299
4,9,solar,0.3270135917754287
4,9,transport_truck_bus_van_car_rail_aviation_maritime,0.5118474384572483
4,9,wind,0.1670796869262752
4,10,DHW_or_space,0.3678131213911219
4,10,RoR,0.515033180805443
4,10,cool,0.5605850518461696
4,10,elec,0.3243261414391088
4,10,solar,0.4103720448017671
4,10,transport_truck_bus_van_car_rail_aviation_maritime,0.5635709284215868
4,10,wind,0.1510993966586406
4,11,DHW_or_space,0.3704806121577703
4,11,RoR,0.515033180805443
4,11,cool,0.62264605885018
4,11,elec,0.3421158775258691
4,11,solar,0.4625395513731598
4,11,transport_truck_bus_van_car_rail_aviation_maritime,0.5504195728215484
4,11,wind,0.1312302264983295
4,12,DHW_or_space,0.3576577574756265
4,12,RoR,0.515033180805443
4,12,cool,0.6608239288966151
4,12,elec,0.2380620023038643
4,12,solar,0.495527700763386
4,12,transport_truck_bus_van_car_rail_aviation_maritime,0.5412200105187991
4,12,wind,0.1308026088462108
4,13,DHW_or_space,0.2983106945947075
4,13,RoR,0.515033180805443
4,13,cool,0.6978601465687437
4,13,elec,0.2435858066381395
4,13,solar,0.5206462848231493
4,13,transport_truck_bus_van_car_rail_aviation_maritime,0.522283057830078
4,13,wind,0.1313060022866987
4,14,DHW_or_space,0.2458510969864715
4,14,RoR,0.515033180805443
4,14,cool,0.7264434185820348
4,14,elec,0.2800836719388858
4,14,solar,0.5290522450183416
4,14,transport_truck_bus_van_car_rail_aviation_maritime,0.5645485518059209
4,14,wind,0.1313343832605124
4,15,DHW_or_space,0.2449619333975887
4,15,RoR,0.515033180805443
4,15,cool,0.6947099098058939
4,15,elec,0.3269779960551438
4,15,solar,0.4611788765568728
4,15,transport_truck_bus_van_car_rail_aviation_maritime,0.5621894029047603
4,15,wind,0.1278055193285005
4,16,DHW_or_space,0.2590398298203085
4,16,RoR,0.515033180805443
4,16,cool,0.6303158241426936
4,16,elec,0.226957961854781
4,16,solar,0.375031898812841
4,16,transport_truck_bus_van_car_rail_aviation_maritime,0.5427443071341911
4,16,wind,0.1309026827120341
4,17,DHW_or_space,0.3208361721797385
4,17,RoR,0.515033180805443
4,17,cool,0.581670107118169
4,17,elec,0.2502508305161841
4,17,solar,0.2815454636355728
4,17,transport_truck_bus_van_car_rail_aviation_maritime,0.529255587298344
4,17,wind,0.134492172810872
4,18,DHW_or_space,0.3633673034467079
4,18,RoR,0.515033180805443
4,18,cool,0.5284995608617871
4,18,elec,0.2786646801082879
4,18,solar,0.1649980059442333
4,18,transport_truck_bus_van_car_rail_aviation_maritime,0.5338211660797568
4,18,wind,0.1396991555878312
4,19,DHW_or_space,0.3041602752791026
4,19,RoR,0.515033180805443
4,19,cool,0.4507589796014261
4,19,elec,0.4596384453606249
4,19,solar,0.0719336921114772
4,19,transport_truck_bus_van_car_rail_aviation_maritime,0.5651397027969067
4,19,wind,0.1426105845558839
4,20,DHW_or_space,0.2563723390536601
4,20,RoR,0.515033180805443
4,20,cool,0.3660612159181772
4,20,elec,0.5246466205606223
4,20,solar,0.0228753035027103
4,20,transport_truck_bus_van_car_rail_aviation_maritime,0.5386544318296668
4,20,wind,0.1457435154955605
4,21,DHW_or_space,0.2090990019793157
4,21,RoR,0.515033180805443
4,21,cool,0.2599669014617079
4,21,elec,0.6202252518956377
4,21,solar,0.0
4,21,transport_truck_bus_van_car_rail_aviation_maritime,0.548628163486498
4,21,wind,0.1479731243001119
4,22,DHW_or_space,0.1272970059379472
4,22,RoR,0.515033180805443
4,22,cool,0.1892966887028785
4,22,elec,0.6796603197889555
4,22,solar,0.0
4,22,transport_truck_bus_van_car_rail_aviation_maritime,0.5478144447318313
4,22,wind,0.1482493467711832
4,23,DHW_or_space,0.0558685851002114
4,23,RoR,0.515033180805443
4,23,cool,0.1574112515093887
4,23,elec,0.6806419046751542
4,23,solar,0.0
4,23,transport_truck_bus_van_car_rail_aviation_maritime,0.5383835238071412
4,23,wind,0.1478923535378573
4,24,DHW_or_space,0.0291936774337273
4,24,RoR,0.515033180805443
4,24,cool,0.1351782371603512
4,24,elec,0.6735284647824492
4,24,solar,0.0
4,24,transport_truck_bus_van_car_rail_aviation_maritime,0.5357005035682034
4,24,wind,0.1432091454664003
5,1,DHW_or_space,0.0447484712075358
5,1,RoR,0.4302910274736537
5,1,cool,0.0
5,1,elec,0.6918840100013998
5,1,solar,0.0
5,1,transport_truck_bus_van_car_rail_aviation_maritime,0.4632250826404112
5,1,wind,0.9257051888630212
5,2,DHW_or_space,0.0422090652992408
5,2,RoR,0.4302910274736537
5,2,cool,0.0
5,2,elec,0.6817428442991966
5,2,solar,0.0
5,2,transport_truck_bus_van_car_rail_aviation_maritime,0.459557474317763
5,2,wind,0.9178697024592738
5,3,DHW_or_space,0.0632796055965775
5,3,RoR,0.4302910274736537
5,3,cool,0.0
5,3,elec,0.6787999805023206
5,3,solar,0.0
5,3,transport_truck_bus_van_car_rail_aviation_maritime,0.4598310735949449
5,3,wind,0.9165355821649676
5,4,DHW_or_space,0.1324365967206753
5,4,RoR,0.4302910274736537
5,4,cool,0.0
5,4,elec,0.6782675077945113
5,4,solar,0.0
5,4,transport_truck_bus_van_car_rail_aviation_maritime,0.4594968062436789
5,4,wind,0.9255067753243033
5,5,DHW_or_space,0.3176067787791141
5,5,RoR,0.4302910274736537
5,5,cool,0.0
5,5,elec,0.6764907101178629
5,5,solar,0.0
5,5,transport_truck_bus_van_car_rail_aviation_maritime,0.4576786754348673
5,5,wind,0.9292295574569396
5,6,DHW_or_space,0.5573545855368389
5,6,RoR,0.4302910274736537
5,6,cool,0.0
5,6,elec,0.687922939044151
5,6,solar,0.0
5,6,transport_truck_bus_van_car_rail_aviation_maritime,0.5079304457185444
5,6,wind,0.934275664429101
5,7,DHW_or_space,0.6251443099490857
5,7,RoR,0.4302910274736537
5,7,cool,0.0
5,7,elec,0.514897144531111
5,7,solar,0.0
5,7,transport_truck_bus_van_car_rail_aviation_maritime,0.4610593657974524
5,7,wind,0.9475042098813566
5,8,DHW_or_space,0.5539699197663944
5,8,RoR,0.4302910274736537
5,8,cool,0.0
5,8,elec,0.3518365184512396
5,8,solar,0.0
5,8,transport_truck_bus_van_car_rail_aviation_maritime,0.4857920261087068
5,8,wind,0.9607610048243228
5,9,DHW_or_space,0.5012352443130952
5,9,RoR,0.4302910274736537
5,9,cool,0.0
5,9,elec,0.2778308205634606
5,9,solar,0.0411567955376907
5,9,transport_truck_bus_van_car_rail_aviation_maritime,0.4407326688147776
5,9,wind,0.9745039578490085
5,10,DHW_or_space,0.449410776043866
5,10,RoR,0.4302910274736537
5,10,cool,0.0
5,10,elec,0.3164469560688331
5,10,solar,0.1984991050167247
5,10,transport_truck_bus_van_car_rail_aviation_maritime,0.4923231917547286
5,10,wind,0.9828579527139704
5,11,DHW_or_space,0.4178051446182563
5,11,RoR,0.4302910274736537
5,11,cool,0.0028137151732404
5,11,elec,0.3484292290094819
5,11,solar,0.3615564532294671
5,11,transport_truck_bus_van_car_rail_aviation_maritime,0.4791687175624827
5,11,wind,0.9645673354727712
5,12,DHW_or_space,0.3890523000786038
5,12,RoR,0.4302910274736537
5,12,cool,0.0098592579670345
5,12,elec,0.244676246757626
5,12,solar,0.4677615686279282
5,12,transport_truck_bus_van_car_rail_aviation_maritime,0.4699691552597333
5,12,wind,0.9681766283109694
5,13,DHW_or_space,0.3167880742608912
5,13,RoR,0.4302910274736537
5,13,cool,0.0095441218676315
5,13,elec,0.2537913379583593
5,13,solar,0.5228866770496441
5,13,transport_truck_bus_van_car_rail_aviation_maritime,0.4510322025710122
5,13,wind,0.9783747525868608
5,14,DHW_or_space,0.2594674431213026
5,14,RoR,0.4302910274736537
5,14,cool,0.0225547408286953
5,14,elec,0.289897502327489
5,14,solar,0.4688033329739112
5,14,transport_truck_bus_van_car_rail_aviation_maritime,0.493297696546855
5,14,wind,0.9814207178340776
5,15,DHW_or_space,0.2599346210507787
5,15,RoR,0.4302910274736537
5,15,cool,0.0156442563632168
5,15,elec,0.3394860144763323
5,15,solar,0.2897074924290071
5,15,transport_truck_bus_van_car_rail_aviation_maritime,0.4909385476456944
5,15,wind,0.989884127401314
5,16,DHW_or_space,0.3021317484766045
5,16,RoR,0.4302910274736537
5,16,cool,0.0
5,16,elec,0.2473695424348871
5,16,solar,0.0615707768026614
5,16,transport_truck_bus_van_car_rail_aviation_maritime,0.4714934518751253
5,16,wind,0.9906904246945752
5,17,DHW_or_space,0.4227266455534461
5,17,RoR,0.4302910274736537
5,17,cool,0.0
5,17,elec,0.3111372864036225
5,17,solar,0.0
5,17,transport_truck_bus_van_car_rail_aviation_maritime,0.4580047320392782
5,17,wind,0.9938260282013264
5,18,DHW_or_space,0.4839671567167522
5,18,RoR,0.4302910274736537
5,18,cool,0.0
5,18,elec,0.3577833620059177
5,18,solar,0.0
5,18,transport_truck_bus_van_car_rail_aviation_maritime,0.462570310820691
5,18,wind,0.9955206903887096
5,19,DHW_or_space,0.428960305100582
5,19,RoR,0.4302910274736537
5,19,cool,0.0
5,19,elec,0.5358453122503339
5,19,solar,0.0
5,19,transport_truck_bus_van_car_rail_aviation_maritime,0.4938888475378409
5,19,wind,0.9951511232186288
5,20,DHW_or_space,0.3769420077846668
5,20,RoR,0.4302910274736537
5,20,cool,0.0
5,20,elec,0.5827112339901367
5,20,solar,0.0
5,20,transport_truck_bus_van_car_rail_aviation_maritime,0.4674035765706011
5,20,wind,0.994091052464111
5,21,DHW_or_space,0.3225448955613372
5,21,RoR,0.4302910274736537
5,21,cool,0.0
5,21,elec,0.6483175994359327
5,21,solar,0.0
5,21,transport_truck_bus_van_car_rail_aviation_maritime,0.4773773082274322
5,21,wind,0.9947704104335026
5,22,DHW_or_space,0.2294223453563986
5,22,RoR,0.4302910274736537
5,22,cool,0.0
5,22,elec,0.7078210627594913
5,22,solar,0.0
5,22,transport_truck_bus_van_car_rail_aviation_maritime,0.4765635894727654
5,22,wind,0.9957359448368868
5,23,DHW_or_space,0.1478020824520957
5,23,RoR,0.4302910274736537
5,23,cool,0.0
5,23,elec,0.7183640878362796
5,23,solar,0.0
5,23,transport_truck_bus_van_car_rail_aviation_maritime,0.4671326685480754
5,23,wind,0.9968458379992534
5,24,DHW_or_space,0.119218245499631
5,24,RoR,0.4302910274736537
5,24,cool,0.0
5,24,elec,0.7039901933223054
5,24,solar,0.0
5,24,transport_truck_bus_van_car_rail_aviation_maritime,0.4644496483091377
5,24,wind,0.9974331218116212
