period,rep_period,weight
1,1,0.45837489529254594
1,3,0.5416251047074541
2,1,0.4261916667499788
2,3,0.5294339488643637
2,5,0.04437438438565751
3,1,0.23236969224221468
3,2,0.185034685609137
3,3,0.5185475946027415
3,5,0.06404802754590688
4,1,0.4176344276377023
4,3,0.16810193227639803
4,5,0.4142636400858998
5,1,0.5395080908843126
5,5,0.4604919091156873
6,1,0.5916615562547933
6,2,0.3002390192289893
6,3,0.10809942451621737
7,1,1.0
8,1,0.6526810178241902
8,2,0.3187109260825552
8,3,0.028608056093254716
9,1,0.6528945352057816
9,2,0.3117533334963755
9,3,0.0353521312978429
10,2,1.0
11,2,0.41594303366524016
11,5,0.5840569663347598
12,1,0.21374246753047685
12,2,0.021214228017923758
12,5,0.7650433044515994
13,1,0.5787612165534434
13,5,0.4212387834465567
14,1,0.9096719543337703
14,3,0.030029653257307026
14,4,0.06029839240892266
15,1,0.5511471066195761
15,2,0.1113877368932633
15,3,0.017402560949547632
15,5,0.32006259553761296
16,1,0.5644018193323992
16,5,0.43559818066760075
17,1,0.2017582385261674
17,2,0.08689931506449639
17,5,0.7113424464093362
18,1,0.018195866533029802
18,4,0.024831622456140408
18,5,0.9569725110108298
19,3,0.017428757632262835
19,4,0.020841358647246497
19,5,0.9617298837204907
20,3,0.3286193730134019
20,5,0.6713806269865982
21,1,0.033087834439288935
21,3,0.5730296733711416
21,5,0.3938824921895694
22,3,0.0355305931798412
22,4,0.05756071514265326
22,5,0.9069086916775057
23,3,0.08951959375687937
23,4,0.08428109149933878
23,5,0.8261993147437818
24,1,0.3982596240891893
24,3,0.2479280281606552
24,4,0.07378128513589949
24,5,0.28003106261425587
25,3,0.2431201294789543
25,5,0.7568798705210457
26,1,0.17890455225258792
26,3,0.7122810040766522
26,5,0.10881444367075988
27,1,0.1743309250045564
27,3,0.8256690749954436
28,1,0.15505508955794242
28,3,0.8172364440386581
28,5,0.02770846640339948
29,1,0.026665155013951378
29,3,0.8729065289792152
29,5,0.10042831600683348
30,3,0.5463158150275297
30,5,0.45368418497247026
31,3,0.22273840224016636
31,5,0.7772615977598336
32,3,0.13295088687417309
32,5,0.8670491131258269
33,1,0.066686320273375
33,4,0.039432418380776046
33,5,0.893881261345849
34,1,0.4835923130604256
34,3,0.32969304421903145
34,4,0.15272044526240833
34,5,0.033994197458134534
35,1,0.5069310662123498
35,3,0.4319569701401766
35,4,0.06111196364747346
36,1,0.2688995852740742
36,3,0.3739965011563244
36,5,0.35710391356960147
37,1,0.21422109363500175
37,3,0.7857789063649983
38,1,0.16809669020040574
38,3,0.6593350356563223
38,5,0.17256827414327197
39,1,0.07891940408376218
39,3,0.6499103521218321
39,5,0.27117024379440563
40,1,0.05150417409967653
40,3,0.31751322495891837
40,4,0.0658514151282851
40,5,0.5651311858131199
41,3,0.09373159743857047
41,4,0.04637484248780817
41,5,0.8598935600736213
42,3,0.5728481199850194
42,5,0.42715188001498067
43,3,0.7524026970624266
43,5,0.24759730293757354
44,3,0.7999242694791507
44,5,0.2000757305208493
45,1,0.019164831465154547
45,3,0.9808351685348455
46,3,0.604806279936272
46,5,0.39519372006372794
47,3,0.5999911244255547
47,5,0.40000887557444526
48,3,0.5692246555020171
48,5,0.43077534449798305
49,3,1.0
50,1,0.02825345512285807
50,3,0.8742695921006876
50,5,0.09747695277645448
51,3,0.6480637502453548
51,5,0.3519362497546452
52,3,0.8550177790558909
52,5,0.14498222094410917
53,3,0.39684842176907476
53,5,0.6031515782309252
54,3,0.4221696419414758
54,4,0.03974965042732366
54,5,0.5380807076312005
55,1,0.11261060631881256
55,3,0.8873893936811874
56,3,0.5857015861624939
56,5,0.41429841383750604
57,3,0.2754937744068484
57,5,0.7245062255931516
58,1,0.10804269219749177
58,3,0.5103057261712042
58,5,0.38165158163130397
59,1,0.29635982913489606
59,3,0.703640170865104
60,1,0.4158641315205616
60,3,0.5679357153596065
60,5,0.016200153119831907
61,1,0.31620071562442875
61,3,0.5613682483315873
61,5,0.12243103604398388
62,1,0.061003951473731687
62,3,0.1549373794838362
62,4,0.06741442427023184
62,5,0.7166442447722001
63,1,0.20190717911114286
63,3,0.021760149693396163
63,4,0.12194062579973818
63,5,0.6543920453957228
64,1,0.05297699256566264
64,2,0.19023038053728872
64,3,0.574083774172393
64,5,0.1827088527246558
65,1,0.13692207745643842
65,3,0.2156583583582434
65,4,0.045437565008351485
65,5,0.6019819991769667
66,2,0.14777887779149473
66,3,0.5720641722249086
66,5,0.28015694998359675
67,2,0.01493992518321332
67,3,0.10948277085162514
67,5,0.8755773039651615
68,1,0.03623878345884421
68,3,0.08929391478914173
68,5,0.874467301752014
69,1,0.015625298504741692
69,3,0.2272131502284674
69,4,0.11953000354279601
69,5,0.6376315477239949
70,3,0.7698641449708539
70,5,0.23013585502914619
71,3,0.23949297159710148
71,4,0.0569333083034511
71,5,0.7035737200994474
72,3,0.9683179000042089
72,5,0.03168209999579115
73,3,0.46108666200157716
73,5,0.5389133379984229
74,3,0.5865437122352021
74,5,0.41345628776479787
75,1,0.036703604620586
75,3,0.963296395379414
76,3,0.8348781297764735
76,5,0.16512187022352665
77,1,0.029473729663051174
77,3,0.9705262703369488
78,2,0.015694364241932365
78,3,0.8648773066962169
78,5,0.11942832906185076
79,1,0.08125152846432365
79,2,0.036026835361962155
79,3,0.8827216361737142
80,2,0.1996271890515034
80,3,0.8003728109484965
81,1,0.0724417088026061
81,2,0.060230442846253285
81,3,0.29883692879015666
81,4,0.0318643852812
81,5,0.5366265342797839
82,3,0.05814497195379202
82,4,0.020596280962009682
82,5,0.9212587470841984
83,1,0.05826838379187644
83,3,0.3528471447160209
83,5,0.5888844714921028
84,3,0.25741353301152103
84,5,0.742586466988479
85,3,0.27702982401819665
85,5,0.7229701759818035
86,3,0.3086115850638469
86,5,0.6913884149361531
87,3,0.7226280182317245
87,5,0.2773719817682755
88,3,0.8789297403907675
88,5,0.1210702596092325
89,3,1.0
90,3,1.0
91,3,0.7120921501901516
91,5,0.28790784980984835
92,3,0.6944491775762742
92,5,0.3055508224237258
93,3,1.0
94,3,0.8104828302673566
94,5,0.18951716973264351
95,3,1.0
96,3,0.8892522737466994
96,5,0.11074772625330062
97,3,0.7557130991223182
97,5,0.2442869008776818
98,3,0.13431606964633688
98,4,0.10982188878796789
98,5,0.7558620415656953
99,1,0.060039333541809396
99,3,0.6858049871590769
99,5,0.2541556792991137
100,3,0.6316367983015232
100,5,0.3683632016984768
101,3,0.867788711678112
101,4,0.13221128832188805
102,3,1.0
103,1,0.08133651498160828
103,3,0.9186634850183918
104,2,0.1304350736438756
104,3,0.8695649263561244
105,3,0.6230360373684457
105,4,0.10969842181926967
105,5,0.2672655408122845
106,1,0.19553917874451043
106,3,0.5553850536887545
106,4,0.17375325724580284
106,5,0.0753225103209323
107,3,0.6381823747433681
107,5,0.36181762525663175
108,3,0.7434370478666956
108,5,0.25656295213330443
109,3,0.9263396368373434
109,5,0.07366036316265663
110,3,1.0
111,3,1.0
112,3,0.9374339825905608
112,5,0.06256601740943918
113,3,1.0
114,3,0.7628337671758948
114,5,0.2371662328241052
115,3,0.6982909071382956
115,4,0.037699757615837395
115,5,0.26400933524586706
116,1,0.1865358148128557
116,3,0.7568081681499669
116,4,0.056656017037177486
117,3,0.6241734693872303
117,5,0.3758265306127698
118,1,0.09406559204916311
118,3,0.9059344079508368
119,3,1.0
120,3,1.0
121,3,1.0
122,3,1.0
123,3,0.7523318711779314
123,5,0.24766812882206862
124,2,0.08314990238160026
124,3,0.7447644786290941
124,5,0.17208561898930558
125,1,0.056660678704327734
125,2,0.01358524888936031
125,3,0.0998324485747221
125,4,0.11503773791545405
125,5,0.7148838859161358
126,1,0.1297475269960484
126,3,0.03937750966343379
126,4,0.14111708801527542
126,5,0.6897578753252425
127,1,0.18728861825550217
127,3,0.2154709014311395
127,4,0.17788815121770007
127,5,0.4193523290956583
128,1,0.03954365943437847
128,3,0.11705170432938387
128,4,0.13033869991124525
128,5,0.7130659363249925
129,1,0.26587545440427235
129,3,0.6559671603933239
129,4,0.07815738520240371
130,2,0.21378172669203688
130,3,0.7862182733079631
131,3,0.2375526407359239
131,4,0.0908880693288761
131,5,0.6715592899352001
132,3,0.19876977476109883
132,4,0.0678757345843214
132,5,0.7333544906545798
133,3,0.5192536563687796
133,4,0.11295335510906714
133,5,0.36779298852215325
134,3,0.7158901265858144
134,4,0.14137874741385564
134,5,0.14273112600033003
135,3,0.6083101746172161
135,4,0.12297475294261487
135,5,0.268715072440169
136,3,0.4327078740305328
136,4,0.07929930867113197
136,5,0.4879928172983353
137,3,0.6630534942310771
137,5,0.3369465057689229
138,3,0.5508156847645761
138,5,0.44918431523542396
139,3,0.7573309392702384
139,4,0.17267677140375878
139,5,0.06999228932600277
140,3,0.7197835548423654
140,4,0.28021644515763455
141,3,0.7376122009213788
141,4,0.26238779907862114
142,3,0.9746431507941419
142,5,0.02535684920585818
143,3,0.7948487376948937
143,4,0.2051512623051063
144,3,0.7286030666540685
144,4,0.2713969333459315
145,3,0.3405999892129437
145,4,0.6594000107870562
146,3,0.1337343968979411
146,4,0.33284842475631077
146,5,0.5334171783457481
147,3,0.1268167610688143
147,4,0.21623285618736893
147,5,0.6569503827438169
148,1,0.1354062750808387
148,3,0.45057272647467483
148,4,0.2456599798291551
148,5,0.16836101861533143
149,2,0.16827287822059
149,3,0.6962719456530433
149,4,0.10276765223144466
149,5,0.03268752389492203
150,2,0.04517872615398444
150,3,0.31571972489717803
150,4,0.2414718707863653
150,5,0.39762967816247213
151,2,0.08606577185880089
151,4,0.5677918464319164
151,5,0.34614238170928263
152,2,0.13014851721446305
152,4,0.5653184297495646
152,5,0.30453305303597245
153,2,0.06985922234250896
153,3,0.2536930062823465
153,4,0.3101345115626997
153,5,0.3663132598124448
154,1,0.11174483557827802
154,2,0.07711028861746537
154,3,0.23208810973283298
154,4,0.2752412665020232
154,5,0.3038154995694005
155,1,0.31590728014815006
155,3,0.2896393150466468
155,4,0.1519850222510502
155,5,0.24246838255415293
156,1,0.36264165973135204
156,2,0.13455561704216823
156,3,0.38517381323262057
156,4,0.11762890999385917
157,1,0.48462102030497795
157,3,0.0961952167285688
157,4,0.20339917947699276
157,5,0.21578458348946042
158,1,0.5083679199798712
158,2,0.03962475083171986
158,3,0.27429727654861463
158,4,0.17771005263979428
159,1,0.5094918236549014
159,3,0.21706621406517485
159,4,0.2734419622799237
160,1,0.24474361436120004
160,3,0.18982945706918095
160,4,0.23307132201776284
160,5,0.3323556065518562
161,1,0.08244901926789833
161,3,0.6780295126997419
161,4,0.2088723384852417
161,5,0.03064912954711821
162,3,0.6493833098601091
162,4,0.09725842514068259
162,5,0.2533582649992084
163,3,0.8492529586166053
163,4,0.09608057999189856
163,5,0.05466646139149606
164,3,0.7501791089541165
164,4,0.24982089104588348
165,3,0.624549952728009
165,4,0.37545004727199116
166,3,0.6156014344438498
166,4,0.38439856555615015
167,3,0.8042207296637994
167,4,0.19577927033620063
168,3,0.6853243350067763
168,4,0.23140214445308674
168,5,0.08327352054013704
169,3,0.22386438753669774
169,4,0.6229596143226864
169,5,0.15317599814061578
170,3,0.44631375850575755
170,4,0.2174717064129203
170,5,0.3362145350813222
171,3,0.6862293248688521
171,4,0.20411479808216168
171,5,0.10965587704898615
172,3,0.8683407546278794
172,4,0.10515021097672407
172,5,0.026509034395396563
173,3,0.6874348926856384
173,4,0.31256510731436166
174,3,0.6020909240552663
174,4,0.2780453721803806
174,5,0.11986370376435314
175,3,0.27117523394820403
175,4,0.3600184117784947
175,5,0.36880635427330144
176,4,0.7675092300317267
176,5,0.23249076996827336
177,4,0.9663997458844454
177,5,0.03360025411555453
178,4,1.0
179,4,1.0
180,3,0.05439760438417764
180,4,0.9456023956158224
181,2,0.01275508797536157
181,4,0.9872449120246385
182,4,1.0
183,4,1.0
184,4,0.9383351592247905
184,5,0.06166484077520946
185,2,0.020599962683636897
185,4,0.9794000373163632
186,2,0.0462663723841442
186,4,0.9537336276158559
187,4,0.6937614457273015
187,5,0.3062385542726986
188,4,0.5627989854399057
188,5,0.43720101456009436
189,3,0.29291721645969054
189,4,0.27199966332873965
189,5,0.4350831202115699
190,1,0.05062347853954526
190,3,0.4445161601510199
190,4,0.20969606825004244
190,5,0.29516429305939246
191,1,0.07612297445788975
191,3,0.12273547090929572
191,4,0.25528326891009556
191,5,0.545858285722719
192,1,0.19935389761772504
192,3,0.4509747727347949
192,4,0.20129066065627
192,5,0.14838066899121008
193,3,0.3865915384559105
193,4,0.21885371922986432
193,5,0.39455474231422527
194,1,0.1545722802686048
194,3,0.16830854505619103
194,4,0.6771191746752042
195,1,0.04779705661891956
195,2,0.15411032328122573
195,3,0.05609019154814236
195,4,0.7420024285517124
196,2,0.048415363461239896
196,4,0.536590064154639
196,5,0.41499457238412113
197,2,0.17842316025663824
197,4,0.7908867861474344
197,5,0.030690053595927465
198,4,0.4880817111999075
198,5,0.5119182888000925
199,4,0.29577687604619995
199,5,0.7042231239537999
200,2,0.05804356199962721
200,3,0.2533855013292834
200,4,0.23807294140125093
200,5,0.4504979952698384
201,1,0.03202032512920088
201,4,0.5934770137339642
201,5,0.37450266113683484
202,2,0.1598236536287366
202,4,0.8175856170464442
202,5,0.02259072932481917
203,1,0.0418414869907065
203,2,0.020357973286535793
203,4,0.7065847197224301
203,5,0.23121582000032762
204,1,0.044451805806468035
204,2,0.07934044865435205
204,4,0.7699722233426097
204,5,0.10623552219657023
205,3,0.2284337466373075
205,4,0.3591864661146154
205,5,0.41237978724807717
206,3,0.1518298278412789
206,4,0.5861619221803708
206,5,0.26200824997835026
207,3,0.20049561107016894
207,4,0.7481069171834178
207,5,0.051397471746413195
208,3,0.21155640539719286
208,4,0.5850889226840308
208,5,0.2033546719187764
209,1,0.03633519137418971
209,3,0.2557249014246962
209,4,0.6070674972885305
209,5,0.10087240991258366
210,3,0.13433941900323104
210,4,0.8074740394292814
210,5,0.058186541567487635
211,4,0.3571213661335824
211,5,0.6428786338664175
212,1,0.07434884488066214
212,2,0.09002622059745534
212,3,0.23535754883057275
212,4,0.6002673856913099
213,1,0.04608944144779622
213,2,0.09374757294379973
213,4,0.7908751249958946
213,5,0.06928786061250947
214,1,0.14560662497849278
214,3,0.48420835501166004
214,4,0.3246704429328379
214,5,0.04551457707700935
215,1,0.07339680595988117
215,3,0.5980911150605415
215,4,0.32851207897957735
216,2,0.11184861358001934
216,3,0.2615186479364959
216,4,0.5997848787076082
216,5,0.026847859775876618
217,1,0.0245734474043754
217,2,0.09035840624315726
217,4,0.8422082910181273
217,5,0.042859855334339905
218,2,0.13111239040141917
218,4,0.8688876095985809
219,1,0.04565192265836962
219,2,0.1047646341189776
219,4,0.8260691602242433
219,5,0.02351428299840947
220,1,0.06285627039989373
220,2,0.15219009081319573
220,4,0.7849536387869106
221,1,0.07205957742828291
221,2,0.16079650429727826
221,4,0.767143918274439
222,2,0.30753324418818984
222,4,0.6924667558118102
223,1,0.16487467915430234
223,2,0.14822304391358576
223,4,0.6393742409668283
223,5,0.04752803596528367
224,1,0.3598859709197206
224,4,0.4512247775245088
224,5,0.1888892515557706
225,1,0.13252109791721078
225,3,0.5152453381534772
225,4,0.35223356392931204
226,2,0.02565898139382005
226,3,0.6444445092373622
226,4,0.32989650936881776
227,3,0.05381648253123839
227,4,0.6042520598043705
227,5,0.3419314576643911
228,3,0.1526789915740754
228,4,0.6796752583821771
228,5,0.16764575004374754
229,1,0.052594251678195016
229,2,0.14977183119142953
229,4,0.7321080530019864
229,5,0.06552586412838905
230,2,0.3251416392710571
230,4,0.6748583607289429
231,2,0.28866133896163937
231,4,0.7113386610383606
232,2,0.04909119491226448
232,4,0.5960007273774679
232,5,0.35490807771026767
233,1,0.090051570806055
233,2,0.23036894409898515
233,4,0.574584804510062
233,5,0.10499468058489778
234,1,0.0647478877756894
234,2,0.36506760919168263
234,4,0.5701845030326279
235,2,0.3519045001168424
235,4,0.5219924900135463
235,5,0.1261030098696114
236,1,0.02974464562848348
236,2,0.29623788782293126
236,4,0.6149085290139226
236,5,0.059108937534662724
237,1,0.47440751140524157
237,2,0.05348470093632995
237,4,0.4721077876584285
238,2,0.32435391586911044
238,4,0.485614279540332
238,5,0.19003180459055763
239,1,0.2972788390871918
239,2,0.017670646683642443
239,4,0.39608946991229727
239,5,0.2889610443168685
240,2,0.17591723275019558
240,4,0.15107328536629294
240,5,0.6730094818835115
241,1,0.11477287511817069
241,2,0.19789671567652198
241,4,0.21816887422760917
241,5,0.4691615349776982
242,1,0.3733542147302458
242,2,0.10691302294596072
242,4,0.28550045804349794
242,5,0.23423230428029554
243,2,0.37659327544846743
243,4,0.3618005594902515
243,5,0.26160616506128104
244,1,0.2549525928050525
244,4,0.16741526239504176
244,5,0.5776321447999058
245,1,0.1775533084332487
245,2,0.14703523942818428
245,4,0.24293760498021333
245,5,0.43247384715835363
246,1,0.044189207213806765
246,2,0.06173200580194064
246,5,0.8940787869842526
247,1,0.07713532644213625
247,2,0.07562338920438796
247,4,0.043539766861046054
247,5,0.8037015174924297
248,1,0.10244878339493943
248,3,0.056612754618865134
248,4,0.23001962445306592
248,5,0.6109188375331295
249,1,0.3340907002987054
249,3,0.25051864480998026
249,4,0.24026311575951517
249,5,0.17512753913179915
250,1,0.24572227196068347
250,3,0.40792443739052353
250,4,0.2552888350239457
250,5,0.09106445562484726
251,2,0.28336402470461847
251,4,0.621255031273543
251,5,0.09538094402183853
252,1,0.06555747905086882
252,2,0.25570907007942933
252,4,0.4200786872435916
252,5,0.2586547636261104
253,1,0.23247510940552524
253,2,0.12544648121951193
253,4,0.252926467031301
253,5,0.38915194234366174
254,1,0.2857952202717608
254,2,0.1192864392280742
254,4,0.23775146633412847
254,5,0.35716687416603643
255,1,0.407534376184372
255,2,0.09022800659747948
255,4,0.3107632438883486
255,5,0.19147437332979997
256,1,0.18374330755786036
256,2,0.2708230125432737
256,4,0.06281370416397705
256,5,0.482619975734889
257,1,0.12516089151125795
257,2,0.26638354940275744
257,4,0.042045427316729125
257,5,0.5664101317692556
258,1,0.5095030157573885
258,4,0.08458109164244798
258,5,0.40591589260016353
259,1,0.21764529587566186
259,2,0.1526103226387095
259,4,0.017327912449173213
259,5,0.6124164690364554
260,1,0.4153719618102955
260,2,0.0700200013666361
260,3,0.03621570452801627
260,4,0.20135391185125362
260,5,0.27703842044379867
261,1,0.05938376026674367
261,2,0.5470045108412621
261,3,0.08549978637550991
261,4,0.3081119425164844
262,1,0.36620392991685546
262,2,0.1962020462757613
262,4,0.4375940238073832
263,1,0.35104406657545695
263,2,0.227979789000605
263,3,0.04854071274717063
263,4,0.37243543167676735
264,2,0.5837949135278737
264,3,0.07896342702059998
264,4,0.33724165945152634
265,2,0.4274844005395553
265,4,0.19643760299072027
265,5,0.37607799646972445
266,1,0.6999524205001159
266,4,0.1954827225138245
266,5,0.1045648569860596
267,1,0.5259296314793624
267,2,0.12204260215339939
267,3,0.17056590034809094
267,4,0.1814618660191472
268,1,0.5998944287990612
268,2,0.07854239287465525
268,3,0.17485716294066467
268,4,0.1467060153856189
269,1,0.12780927806793724
269,2,0.5181949327662021
269,3,0.12010073597746272
269,4,0.233895053188398
270,2,0.6461860932645009
270,3,0.13902149399821395
270,4,0.21479241273728508
271,1,0.5604386976788591
271,2,0.16800301636124762
271,4,0.1579601524827428
271,5,0.11359813347715055
272,1,0.7401773129984056
272,4,0.12650544867410043
272,5,0.13331723832749393
273,1,0.5781331615793719
273,2,0.18989537270991624
273,3,0.04428818365310463
273,4,0.1876832820576073
274,1,0.6533774266801544
274,4,0.0547311222672118
274,5,0.29189145105263375
275,1,0.5823976971981929
275,2,0.13243628888515838
275,4,0.06969294454652684
275,5,0.21547306937012195
276,1,0.11388537130224517
276,2,0.10213809384736479
276,5,0.7839765348503901
277,1,0.5579418273224466
277,5,0.44205817267755343
278,1,0.8346109917982223
278,3,0.026032767951740348
278,4,0.07810603416856257
278,5,0.06125020608147479
279,2,0.5471564410974491
279,5,0.452843558902551
280,1,0.46262625796027174
280,4,0.18620071769807908
280,5,0.35117302434164915
281,1,0.37826729911724144
281,2,0.057543622053613776
281,3,0.45882728245241533
281,4,0.01724001203944784
281,5,0.0881217843372816
282,1,0.07629308783269613
282,2,0.37246713049184593
282,3,0.1945462396859609
282,4,0.06317452289312712
282,5,0.2935190190963699
283,1,0.5578801877490054
283,3,0.11799458730982136
283,4,0.08745381837095431
283,5,0.236671406570219
284,1,0.09993557533324879
284,2,0.2489117066807752
284,3,0.018675951981893986
284,4,0.09750189168721687
284,5,0.5349748743168652
285,1,0.19865519442899499
285,3,0.2040297939428917
285,4,0.017314909427189194
285,5,0.5800001022009241
286,1,0.37540251642894795
286,3,0.5346719525370968
286,5,0.08992553103395542
287,1,0.17683095638565952
287,2,0.2007636083080982
287,3,0.6224054353062423
288,1,0.48627296082895594
288,2,0.0343906862875798
288,3,0.35098618446944807
288,5,0.1283501684140163
289,1,0.15256807593302718
289,2,0.14160775156685926
289,5,0.7058241725001136
290,1,0.5551782748281349
290,3,0.10856196856117116
290,5,0.33625975661069396
291,1,0.5207478699551507
291,2,0.21106281104442667
291,3,0.26818931900042264
292,1,0.4863115376281624
292,2,0.21332996264394707
292,3,0.05708814335210319
292,5,0.24327035637578734
293,2,0.38820300682625686
293,5,0.6117969931737431
294,1,0.24302176076143822
294,2,0.1546133877109902
294,5,0.6023648515275716
295,1,0.79381419992652
295,3,0.10640006240928115
295,4,0.05224984772696278
295,5,0.04753588993723612
296,1,0.5416956618060675
296,2,0.25924390792352126
296,3,0.17607007166246946
296,4,0.022990358607941703
297,1,0.23314897428852846
297,2,0.1905041580069592
297,5,0.5763468677045124
298,1,0.11047449463402333
298,2,0.1806564437673188
298,5,0.7088690615986579
299,1,0.4629715617634295
299,5,0.5370284382365705
300,1,0.5117201008626762
300,2,0.2580542113507707
300,3,0.14165241805737833
300,4,0.08857326972917481
301,1,0.7448204772612816
301,3,0.1923958630472114
301,4,0.06278365969150695
302,1,0.8334802565849788
302,3,0.04227545554328552
302,4,0.12424428787173573
303,1,0.49420827923191557
303,2,0.2876519148941746
303,3,0.03257125892482114
303,4,0.06335836854985138
303,5,0.12221017839923727
304,1,0.5810651055448369
304,2,0.13719424427703814
304,3,0.08428809847904893
304,4,0.02482205257457734
304,5,0.17263049912449868
305,1,0.18645820314859418
305,2,0.1803080179261184
305,4,0.019549953269217615
305,5,0.6136838256560698
306,1,0.3936029973702633
306,3,0.24888193431793257
306,4,0.07547044118987838
306,5,0.2820446271219259
307,3,0.2546103906376689
307,5,0.7453896093623311
308,3,0.5689833560128468
308,5,0.4310166439871533
309,1,0.09173204497646062
309,3,0.49150822436475516
309,5,0.41675973065878424
310,3,0.48602757120190343
310,5,0.5139724287980966
311,1,0.1246838309435117
311,3,0.48546069006456444
311,4,0.06675218247464275
311,5,0.3231032965172812
312,1,0.11237039926124565
312,3,0.797059527921116
312,5,0.09057007281763839
313,1,0.2737373457223982
313,3,0.5154544832903154
313,5,0.21080817098728644
314,1,0.3209135239359414
314,3,0.6563195221282139
314,5,0.022766953935844703
315,1,0.2895769720170386
315,3,0.5434056693258552
315,5,0.16701735865710624
316,1,0.10847227789372978
316,3,0.19427641024826958
316,4,0.09094769860973169
316,5,0.6063036132482691
317,1,0.026742887938020713
317,4,0.04097020306465205
317,5,0.9322869089973271
318,5,1.0
319,1,0.22093127149127417
319,3,0.015476642058323605
319,4,0.12005924056670389
319,5,0.6435328458836983
320,1,0.1517492900972982
320,2,0.01413365969292562
320,3,0.04430039241075183
320,4,0.05000882927948036
320,5,0.739807828519544
321,1,0.13013777628938367
321,3,0.010168065894256454
321,4,0.0754716640734584
321,5,0.7842224937429015
322,5,1.0
323,3,0.0986096181728075
323,5,0.9013903818271924
324,3,0.07993213655461655
324,4,0.050621355893979834
324,5,0.8694465075514035
325,2,0.11792836007248289
325,3,0.32381405530660473
325,5,0.5582575846209124
326,5,1.0
327,5,1.0
328,3,0.017084703707517013
328,4,0.02876199763437608
328,5,0.9541532986581069
329,5,1.0
330,3,0.03081159450746194
330,5,0.969188405492538
331,3,0.1154376031479044
331,5,0.8845623968520957
332,3,0.12218273050767273
332,4,0.0182843839087129
332,5,0.8595328855836144
333,3,0.11267508779292398
333,4,0.047954856565692004
333,5,0.8393700556413839
334,1,0.019929012194684514
334,3,0.6903724458889161
334,5,0.2896985419163993
335,1,0.11745981018262586
335,3,0.7888157719702165
335,5,0.09372441784715768
336,3,0.2819173477620207
336,5,0.7180826522379794
337,3,0.2083123108537145
337,4,0.0693470306671324
337,5,0.7223406584791532
338,3,0.5531875798019326
338,5,0.4468124201980675
339,3,0.17617954824284723
339,4,0.014233595247299783
339,5,0.8095868565098531
340,3,0.07970916002658697
340,4,0.026716543334306914
340,5,0.8935742966391061
341,3,0.24552954244183073
341,5,0.7544704575581693
342,3,0.6750246633164309
342,5,0.32497533668356915
343,3,0.4799715264351031
343,4,0.08314611471420646
343,5,0.4368823588506903
344,3,0.2833485390329892
344,4,0.031217465012754977
344,5,0.6854339959542558
345,1,0.010556808621611031
345,3,0.5147967984433671
345,4,0.04267207005102012
345,5,0.43197432288400167
346,3,0.5928071602224471
346,5,0.40719283977755294
347,3,0.6708305804370838
347,5,0.3291694195629162
348,1,0.19215896687400877
348,3,0.8078410331259912
349,1,0.18238681724111142
349,3,0.8176131827588886
350,1,0.23332150815497613
350,3,0.6345311072175556
350,5,0.13214738462746833
351,1,0.2005949702654116
351,3,0.39676178553858105
351,5,0.4026432441960072
352,1,0.17249400557653263
352,3,0.4171485183477559
352,5,0.4103574760757115
353,2,0.36432800741290705
353,3,0.46258890140659586
353,5,0.1730830911804972
354,1,0.22367381352230756
354,5,0.7763261864776925
355,1,0.40820799190299645
355,3,0.07008434244230119
355,5,0.5217076656547024
356,1,0.46794563128204797
356,3,0.21169910466667308
356,5,0.3203552640512789
357,1,0.059937171552055246
357,3,0.34658413166280805
357,5,0.5934786967851368
358,1,0.042148581614491684
358,3,0.6123841068060268
358,5,0.34546731157948146
359,3,0.19900778651959658
359,5,0.8009922134804035
360,3,0.12501751767105895
360,5,0.8749824823289409
361,3,0.09257255270077731
361,5,0.9074274472992228
362,1,0.0836382502524912
362,3,0.7658325772025899
362,5,0.15052917254491896
363,1,0.030231530800280848
363,3,0.5409978059925897
363,5,0.4287706632071295
364,3,0.5539326004327738
364,5,0.4460673995672262
365,3,0.4021366288713259
365,5,0.597863371128674
